Workbook

Sheet Instructions
A1: Employee schedule template
A2: Free weekly and monthly staff schedule template. From FitRank: fitrank.streamerosai.com/tools/employee-schedule-template-excel/
A4: How to use it
A5: 1. Shifts sheet: set your own shift codes, names and start and end times. Hours per shift are worked out for you, including night shifts that cross midnight.
A6: 2. Weekly sheet: type one shift code per employee per day, from the drop-down or by hand. Hours, shift counts and days off update by formula.
A7: 3. Monthly sheet: type the month's first day in B2 (for example 2026-11-01). Day names and the 29th to 31st follow the month. One code per employee per day.
A8: 4. Add employees by inserting rows above the Total row, so the totals and coverage counts keep covering everyone.
A9: 5. Print: each grid is set to fit one landscape page wide. Save a copy per week or per month.
A11: What the formulas check
A12: - Hours per employee for the week or month, from the shift codes and the Shifts sheet.
A13: - Coverage: how many people hold each shift on each day, so an empty shift shows before the week starts.
A14: - Days off per employee (OFF, leave and blank days).
... A18: FitRank ranks your people for open tasks with a probability and a reason for each, and a manager makes every final call: fitrank.streamerosai.com

Sheet Shifts
A1: Shift codes
A2: Edit codes and times here (times as text, 24-hour, e.g. 22:00). Hours are worked out; a shift that ends after midnight is handled.
A4: Code | B4: Shift | C4: Start | D4: End | E4: Hours
A5: M | B5: Morning | C5: 06:00 | D5: 14:00 | E5: =IF(OR(C5="",D5=""),0,MOD(TIMEVALUE(D5)-TIMEVALUE(C5),1)*24)
A6: D | B6: Day | C6: 09:00 | D6: 17:00 | E6: =IF(OR(C6="",D6=""),0,MOD(TIMEVALUE(D6)-TIMEVALUE(C6),1)*24)
A7: E | B7: Evening | C7: 14:00 | D7: 22:00 | E7: =IF(OR(C7="",D7=""),0,MOD(TIMEVALUE(D7)-TIMEVALUE(C7),1)*24)
A8: N | B8: Night | C8: 22:00 | D8: 06:00 | E8: =IF(OR(C8="",D8=""),0,MOD(TIMEVALUE(D8)-TIMEVALUE(C8),1)*24)
A9: OFF | B9: Day off | E9: =IF(OR(C9="",D9=""),0,MOD(TIMEVALUE(D9)-TIMEVALUE(C9),1)*24)
A10: L | B10: Leave | E10: =IF(OR(C10="",D10=""),0,MOD(TIMEVALUE(D10)-TIMEVALUE(C10),1)*24)

Sheet Weekly
A1: Weekly employee schedule
A2: Week starting: | B2: 2026-11-02 | D2: One shift code per person per day (see the Shifts sheet). Hours, shift counts and coverage update by formula.
A4: Employee | B4: Mon | C4: Tue | D4: Wed | E4: Thu | F4: Fri | G4: Sat | H4: Sun | I4: Hours | J4: Shifts | K4: Days off
A5: Employee 1 | B5: M | C5: M | D5: M | E5: M | F5: M | G5: OFF | H5: OFF | I5: =SUMPRODUCT(COUNTIF(B5:H5,Shifts!$A$5:$A$10)*Shifts!$E$5:$E$10) | J5: =COUNTA(B5:H5)-COUNTIF(B5:H5,"OFF")-COUNTIF(B5:H5,"L") | K5: =COUNTIF(B5:H5,"OFF")+COUNTIF(B5:H5,"L")+COUNTBLANK(B5:H5)
A6: Employee 2 | B6: D | C6: D | D6: D | E6: OFF | F6: OFF | G6: D | H6: D | I6: =SUMPRODUCT(COUNTIF(B6:H6,Shifts!$A$5:$A$10)*Shifts!$E$5:$E$10) | J6: =COUNTA(B6:H6)-COUNTIF(B6:H6,"OFF")-COUNTIF(B6:H6,"L") | K6: =COUNTIF(B6:H6,"OFF")+COUNTIF(B6:H6,"L")+COUNTBLANK(B6:H6)
A7: Employee 3 | B7: E | C7: E | D7: OFF | E7: OFF | F7: E | G7: E | H7: E | I7: =SUMPRODUCT(COUNTIF(B7:H7,Shifts!$A$5:$A$10)*Shifts!$E$5:$E$10) | J7: =COUNTA(B7:H7)-COUNTIF(B7:H7,"OFF")-COUNTIF(B7:H7,"L") | K7: =COUNTIF(B7:H7,"OFF")+COUNTIF(B7:H7,"L")+COUNTBLANK(B7:H7)
A8: Employee 4 | B8: N | C8: N | D8: N | E8: N | F8: OFF | G8: OFF | H8: OFF | I8: =SUMPRODUCT(COUNTIF(B8:H8,Shifts!$A$5:$A$10)*Shifts!$E$5:$E$10) | J8: =COUNTA(B8:H8)-COUNTIF(B8:H8,"OFF")-COUNTIF(B8:H8,"L") | K8: =COUNTIF(B8:H8,"OFF")+COUNTIF(B8:H8,"L")+COUNTBLANK(B8:H8)
A9: Employee 5 | B9: OFF | C9: OFF | D9: M | E9: M | F9: M | G9: M | H9: M | I9: =SUMPRODUCT(COUNTIF(B9:H9,Shifts!$A$5:$A$10)*Shifts!$E$5:$E$10) | J9: =COUNTA(B9:H9)-COUNTIF(B9:H9,"OFF")-COUNTIF(B9:H9,"L") | K9: =COUNTIF(B9:H9,"OFF")+COUNTIF(B9:H9,"L")+COUNTBLANK(B9:H9)
A10: Employee 6 | B10: D | C10: OFF | D10: OFF | E10: D | F10: D | G10: D | H10: D | I10: =SUMPRODUCT(COUNTIF(B10:H10,Shifts!$A$5:$A$10)*Shifts!$E$5:$E$10) | J10: =COUNTA(B10:H10)-COUNTIF(B10:H10,"OFF")-COUNTIF(B10:H10,"L") | K10: =COUNTIF(B10:H10,"OFF")+COUNTIF(B10:H10,"L")+COUNTBLANK(B10:H10)
A11: Employee 7 | B11: OFF | C11: E | D11: E | E11: E | F11: E | G11: OFF | H11: OFF | I11: =SUMPRODUCT(COUNTIF(B11:H11,Shifts!$A$5:$A$10)*Shifts!$E$5:$E$10) | J11: =COUNTA(B11:H11)-COUNTIF(B11:H11,"OFF")-COUNTIF(B11:H11,"L") | K11: =COUNTIF(B11:H11,"OFF")+COUNTIF(B11:H11,"L")+COUNTBLANK(B11:H11)
A12: Employee 8 | B12: OFF | C12: OFF | D12: OFF | E12: N | F12: N | G12: N | H12: N | I12: =SUMPRODUCT(COUNTIF(B12:H12,Shifts!$A$5:$A$10)*Shifts!$E$5:$E$10) | J12: =COUNTA(B12:H12)-COUNTIF(B12:H12,"OFF")-COUNTIF(B12:H12,"L") | K12: =COUNTIF(B12:H12,"OFF")+COUNTIF(B12:H12,"L")+COUNTBLANK(B12:H12)
A13: Total (insert employees above this row) | I13: =SUM(I5:I12) | J13: =SUM(J5:J12) | K13: =SUM(K5:K12)
A15: Coverage: people per shift per day
A16: Morning (M) | B16: =COUNTIF(B5:B12,"M") | C16: =COUNTIF(C5:C12,"M") | D16: =COUNTIF(D5:D12,"M") | E16: =COUNTIF(E5:E12,"M") | F16: =COUNTIF(F5:F12,"M") | G16: =COUNTIF(G5:G12,"M") | H16: =COUNTIF(H5:H12,"M")
A17: Day (D) | B17: =COUNTIF(B5:B12,"D") | C17: =COUNTIF(C5:C12,"D") | D17: =COUNTIF(D5:D12,"D") | E17: =COUNTIF(E5:E12,"D") | F17: =COUNTIF(F5:F12,"D") | G17: =COUNTIF(G5:G12,"D") | H17: =COUNTIF(H5:H12,"D")
A18: Evening (E) | B18: =COUNTIF(B5:B12,"E") | C18: =COUNTIF(C5:C12,"E") | D18: =COUNTIF(D5:D12,"E") | E18: =COUNTIF(E5:E12,"E") | F18: =COUNTIF(F5:F12,"E") | G18: =COUNTIF(G5:G12,"E") | H18: =COUNTIF(H5:H12,"E")
A19: Night (N) | B19: =COUNTIF(B5:B12,"N") | C19: =COUNTIF(C5:C12,"N") | D19: =COUNTIF(D5:D12,"N") | E19: =COUNTIF(E5:E12,"N") | F19: =COUNTIF(F5:F12,"N") | G19: =COUNTIF(G5:G12,"N") | H19: =COUNTIF(H5:H12,"N")

Sheet Monthly
A1: Monthly employee schedule
A2: Month starts on: | B2: 2026-11-01 | D2: Type the month's first day in B2. Day names follow; days past the end of the month show blank.
A4: Employee | B4: =IF(MONTH(DATEVALUE($B$2)+0)<>MONTH(DATEVALUE($B$2)),"",TEXT(DATEVALUE($B$2)+0,"ddd")&CHAR(10)&1) | C4: =IF(MONTH(DATEVALUE($B$2)+1)<>MONTH(DATEVALUE($B$2)),"",TEXT(DATEVALUE($B$2)+1,"ddd")&CHAR(10)&2) | D4: =IF(MONTH(DATEVALUE($B$2)+2)<>MONTH(DATEVALUE($B$2)),"",TEXT(DATEVALUE($B$2)+2,"ddd")&CHAR(10)&3) | E4: =IF(MONTH(DATEVALUE($B$2)+3)<>MONTH(DATEVALUE($B$2)),"",TEXT(DATEVALUE($B$2)+3,"ddd")&CHAR(10)&4) | F4: =IF(MONTH(DATEVALUE($B$2)+4)<>MONTH(DATEVALUE($B$2)),"",TEXT(DATEVALUE($B$2)+4,"ddd")&CHAR(10)&5) | G4: =IF(MONTH(DATEVALUE($B$2)+5)<>MONTH(DATEVALUE($B$2)),"",TEXT(DATEVALUE($B$2)+5,"ddd")&CHAR(10)&6) | H4: =IF(MONTH(DATEVALUE($B$2)+6)<>MONTH(DATEVALUE($B$2)),"",TEXT(DATEVALUE($B$2)+6,"ddd")&CHAR(10)&7) | I4: =IF(MONTH(DATEVALUE($B$2)+7)<>MONTH(DATEVALUE($B$2)),"",TEXT(DATEVALUE($B$2)+7,"ddd")&CHAR(10)&8) | J4: =IF(MONTH(DATEVALUE($B$2)+8)<>MONTH(DATEVALUE($B$2)),"",TEXT(DATEVALUE($B$2)+8,"ddd")&CHAR(10)&9) | K4: =IF(MONTH(DATEVALUE($B$2)+9)<>MONTH(DATEVALUE($B$2)),"",TEXT(DATEVALUE($B$2)+9,"ddd")&CHAR(10)&10) | L4: =IF(MONTH(DATEVALUE($B$2)+10)<>MONTH(DATEVALUE($B$2)),"",TEXT(DATEVALUE($B$2)+10,"ddd")&CHAR(10)&11) | M4: =IF(MONTH(DATEVALUE($B$2)+11)<>MONTH(DATEVALUE($B$2)),"",TEXT(DATEVALUE($B$2)+11,"ddd")&CHAR(10)&12) | N4: =IF(MONTH(DATEVALUE($B$2)+12)<>MONTH(DATEVALUE($B$2)),"",TEXT(DATEVALUE($B$2)+12,"ddd")&CHAR(10)&13) | O4: =IF(MONTH(DATEVALUE($B$2)+13)<>MONTH(DATEVALUE($B$2)),"",TEXT(DATEVALUE($B$2)+13,"ddd")&CHAR(10)&14) | P4: =IF(MONTH(DATEVALUE($B$2)+14)<>MONTH(DATEVALUE($B$2)),"",TEXT(DATEVALUE($B$2)+14,"ddd")&CHAR(10)&15) | Q4: =IF(MONTH(DATEVALUE($B$2)+15)<>MONTH(DATEVALUE($B$2)),"",TEXT(DATEVALUE($B$2)+15,"ddd")&CHAR(10)&16) | R4: =IF(MONTH(DATEVALUE($B$2)+16)<>MONTH(DATEVALUE($B$2)),"",TEXT(DATEVALUE($B$2)+16,"ddd")&CHAR(10)&17) | S4: =IF(MONTH(DATEVALUE($B$2)+17)<>MONTH(DATEVALUE($B$2)),"",TEXT(DATEVALUE($B$2)+17,"ddd")&CHAR(10)&18) | T4: =IF(MONTH(DATEVALUE($B$2)+18)<>MONTH(DATEVALUE($B$2)),"",TEXT(DATEVALUE($B$2)+18,"ddd")&CHAR(10)&19) | U4: =IF(MONTH(DATEVALUE($B$2)+19)<>MONTH(DATEVALUE($B$2)),"",TEXT(DATEVALUE($B$2)+19,"ddd")&CHAR(10)&20) | V4: =IF(MONTH(DATEVALUE($B$2)+20)<>MONTH(DATEVALUE($B$2)),"",TEXT(DATEVALUE($B$2)+20,"ddd")&CHAR(10)&21) | W4: =IF(MONTH(DATEVALUE($B$2)+21)<>MONTH(DATEVALUE($B$2)),"",TEXT(DATEVALUE($B$2)+21,"ddd")&CHAR(10)&22) | X4: =IF(MONTH(DATEVALUE($B$2)+22)<>MONTH(DATEVALUE($B$2)),"",TEXT(DATEVALUE($B$2)+22,"ddd")&CHAR(10)&23) | Y4: =IF(MONTH(DATEVALUE($B$2)+23)<>MONTH(DATEVALUE($B$2)),"",TEXT(DATEVALUE($B$2)+23,"ddd")&CHAR(10)&24) | Z4: =IF(MONTH(DATEVALUE($B$2)+24)<>MONTH(DATEVALUE($B$2)),"",TEXT(DATEVALUE($B$2)+24,"ddd")&CHAR(10)&25) | AA4: =IF(MONTH(DATEVALUE($B$2)+25)<>MONTH(DATEVALUE($B$2)),"",TEXT(DATEVALUE($B$2)+25,"ddd")&CHAR(10)&26) | AB4: =IF(MONTH(DATEVALUE($B$2)+26)<>MONTH(DATEVALUE($B$2)),"",TEXT(DATEVALUE($B$2)+26,"ddd")&CHAR(10)&27) | AC4: =IF(MONTH(DATEVALUE($B$2)+27)<>MONTH(DATEVALUE($B$2)),"",TEXT(DATEVALUE($B$2)+27,"ddd")&CHAR(10)&28) | AD4: =IF(MONTH(DATEVALUE($B$2)+28)<>MONTH(DATEVALUE($B$2)),"",TEXT(DATEVALUE($B$2)+28,"ddd")&CHAR(10)&29) | AE4: =IF(MONTH(DATEVALUE($B$2)+29)<>MONTH(DATEVALUE($B$2)),"",TEXT(DATEVALUE($B$2)+29,"ddd")&CHAR(10)&30) | AF4: =IF(MONTH(DATEVALUE($B$2)+30)<>MONTH(DATEVALUE($B$2)),"",TEXT(DATEVALUE($B$2)+30,"ddd")&CHAR(10)&31) | AG4: Hours | AH4: Shifts | AI4: Days off
A5: Employee 1 | AG5: =SUMPRODUCT(COUNTIF(B5:AF5,Shifts!$A$5:$A$10)*Shifts!$E$5:$E$10) | AH5: =COUNTA(B5:AF5)-COUNTIF(B5:AF5,"OFF")-COUNTIF(B5:AF5,"L") | AI5: =COUNTIF(B5:AF5,"OFF")+COUNTIF(B5:AF5,"L")+COUNTBLANK(B5:AF5)
A6: Employee 2 | AG6: =SUMPRODUCT(COUNTIF(B6:AF6,Shifts!$A$5:$A$10)*Shifts!$E$5:$E$10) | AH6: =COUNTA(B6:AF6)-COUNTIF(B6:AF6,"OFF")-COUNTIF(B6:AF6,"L") | AI6: =COUNTIF(B6:AF6,"OFF")+COUNTIF(B6:AF6,"L")+COUNTBLANK(B6:AF6)
A7: Employee 3 | AG7: =SUMPRODUCT(COUNTIF(B7:AF7,Shifts!$A$5:$A$10)*Shifts!$E$5:$E$10) | AH7: =COUNTA(B7:AF7)-COUNTIF(B7:AF7,"OFF")-COUNTIF(B7:AF7,"L") | AI7: =COUNTIF(B7:AF7,"OFF")+COUNTIF(B7:AF7,"L")+COUNTBLANK(B7:AF7)
A8: Employee 4 | AG8: =SUMPRODUCT(COUNTIF(B8:AF8,Shifts!$A$5:$A$10)*Shifts!$E$5:$E$10) | AH8: =COUNTA(B8:AF8)-COUNTIF(B8:AF8,"OFF")-COUNTIF(B8:AF8,"L") | AI8: =COUNTIF(B8:AF8,"OFF")+COUNTIF(B8:AF8,"L")+COUNTBLANK(B8:AF8)
A9: Employee 5 | AG9: =SUMPRODUCT(COUNTIF(B9:AF9,Shifts!$A$5:$A$10)*Shifts!$E$5:$E$10) | AH9: =COUNTA(B9:AF9)-COUNTIF(B9:AF9,"OFF")-COUNTIF(B9:AF9,"L") | AI9: =COUNTIF(B9:AF9,"OFF")+COUNTIF(B9:AF9,"L")+COUNTBLANK(B9:AF9)
A10: Employee 6 | AG10: =SUMPRODUCT(COUNTIF(B10:AF10,Shifts!$A$5:$A$10)*Shifts!$E$5:$E$10) | AH10: =COUNTA(B10:AF10)-COUNTIF(B10:AF10,"OFF")-COUNTIF(B10:AF10,"L") | AI10: =COUNTIF(B10:AF10,"OFF")+COUNTIF(B10:AF10,"L")+COUNTBLANK(B10:AF10)
A11: Employee 7 | AG11: =SUMPRODUCT(COUNTIF(B11:AF11,Shifts!$A$5:$A$10)*Shifts!$E$5:$E$10) | AH11: =COUNTA(B11:AF11)-COUNTIF(B11:AF11,"OFF")-COUNTIF(B11:AF11,"L") | AI11: =COUNTIF(B11:AF11,"OFF")+COUNTIF(B11:AF11,"L")+COUNTBLANK(B11:AF11)
A12: Employee 8 | AG12: =SUMPRODUCT(COUNTIF(B12:AF12,Shifts!$A$5:$A$10)*Shifts!$E$5:$E$10) | AH12: =COUNTA(B12:AF12)-COUNTIF(B12:AF12,"OFF")-COUNTIF(B12:AF12,"L") | AI12: =COUNTIF(B12:AF12,"OFF")+COUNTIF(B12:AF12,"L")+COUNTBLANK(B12:AF12)
A13: Total (insert employees above this row) | AG13: =SUM(AG5:AG12) | AH13: =SUM(AH5:AH12) | AI13: =SUM(AI5:AI12)
A15: Coverage: people per shift per day
A16: Morning (M) | B16: =COUNTIF(B5:B12,"M") | C16: =COUNTIF(C5:C12,"M") | D16: =COUNTIF(D5:D12,"M") | E16: =COUNTIF(E5:E12,"M") | F16: =COUNTIF(F5:F12,"M") | G16: =COUNTIF(G5:G12,"M") | H16: =COUNTIF(H5:H12,"M") | I16: =COUNTIF(I5:I12,"M") | ... AF16: =COUNTIF(AF5:AF12,"M")
A17: Day (D) | B17: =COUNTIF(B5:B12,"D") | C17: =COUNTIF(C5:C12,"D") | D17: =COUNTIF(D5:D12,"D") | E17: =COUNTIF(E5:E12,"D") | F17: =COUNTIF(F5:F12,"D") | G17: =COUNTIF(G5:G12,"D") | H17: =COUNTIF(H5:H12,"D") | I17: =COUNTIF(I5:I12,"D") | ... AF17: =COUNTIF(AF5:AF12,"D")
A18: Evening (E) | B18: =COUNTIF(B5:B12,"E") | C18: =COUNTIF(C5:C12,"E") | D18: =COUNTIF(D5:D12,"E") | E18: =COUNTIF(E5:E12,"E") | F18: =COUNTIF(F5:F12,"E") | G18: =COUNTIF(G5:G12,"E") | H18: =COUNTIF(H5:H12,"E") | I18: =COUNTIF(I5:I12,"E") | ... AF18: =COUNTIF(AF5:AF12,"E")
A19: Night (N) | B19: =COUNTIF(B5:B12,"N") | C19: =COUNTIF(C5:C12,"N") | D19: =COUNTIF(D5:D12,"N") | E19: =COUNTIF(E5:E12,"N") | F19: =COUNTIF(F5:F12,"N") | G19: =COUNTIF(G5:G12,"N") | H19: =COUNTIF(H5:H12,"N") | I19: =COUNTIF(I5:I12,"N") | ... AF19: =COUNTIF(AF5:AF12,"N")
